Datetime,Water Level (m)
2025-03-23 00:00:00,-0.12278885
2025-03-23 01:00:00,-0.08702136
2025-03-23 02:00:00,-0.09727129
2025-03-23 03:00:00,-0.1591557
2025-03-23 04:00:00,-0.23982078
2025-03-23 05:00:00,-0.31866673
2025-03-23 06:00:00,-0.3894326
2025-03-23 07:00:00,-0.45146513
2025-03-23 08:00:00,-0.50296843
2025-03-23 09:00:00,-0.53390175
2025-03-23 10:00:00,-0.49783507
2025-03-23 11:00:00,-0.3698241
2025-03-23 12:00:00,-0.24098234
2025-03-23 13:00:00,-0.1261233
2025-03-23 14:00:00,-0.037237618
2025-03-23 15:00:00,0.01339015
2025-03-23 16:00:00,0.0123284245
2025-03-23 17:00:00,-0.044427224
2025-03-23 18:00:00,-0.12617579
2025-03-23 19:00:00,-0.20092899
2025-03-23 20:00:00,-0.26712158
2025-03-23 21:00:00,-0.32919315
2025-03-23 22:00:00,-0.38387373
2025-03-23 23:00:00,-0.42422995
2025-03-24 00:00:00,-0.43079942
2025-03-24 01:00:00,-0.3667286
2025-03-24 02:00:00,-0.27136096
2025-03-24 03:00:00,-0.20614852
2025-03-24 04:00:00,-0.18897037
2025-03-24 05:00:00,-0.2264198
2025-03-24 06:00:00,-0.296685
2025-03-24 07:00:00,-0.37261096
2025-03-24 08:00:00,-0.44429186
2025-03-24 09:00:00,-0.50779635
2025-03-24 10:00:00,-0.5586292
2025-03-24 11:00:00,-0.5829249
2025-03-24 12:00:00,-0.5287216
2025-03-24 13:00:00,-0.38665414
2025-03-24 14:00:00,-0.23692454
2025-03-24 15:00:00,-0.09044137
2025-03-24 16:00:00,0.027695201
2025-03-24 17:00:00,0.0955089
2025-03-24 18:00:00,0.09326589
2025-03-24 19:00:00,0.004320897
2025-03-24 20:00:00,-0.11766715
2025-03-24 21:00:00,-0.22241557
2025-03-24 22:00:00,-0.31195757
2025-03-24 23:00:00,-0.3909213
2025-03-25 00:00:00,-0.458794
2025-03-25 01:00:00,-0.50032055
2025-03-25 02:00:00,-0.44173685
2025-03-25 03:00:00,-0.288383
2025-03-25 04:00:00,-0.16762227
2025-03-25 05:00:00,-0.08868717
2025-03-25 06:00:00,-0.06787206
2025-03-25 07:00:00,-0.11578398
2025-03-25 08:00:00,-0.21679619
2025-03-25 09:00:00,-0.31817287
2025-03-25 10:00:00,-0.40751135
2025-03-25 11:00:00,-0.48027173
2025-03-25 12:00:00,-0.53481555
2025-03-25 13:00:00,-0.5452269
2025-03-25 14:00:00,-0.4074488
2025-03-25 15:00:00,-0.21917321
2025-03-25 16:00:00,-0.031514164
2025-03-25 17:00:00,0.1266291
2025-03-25 18:00:00,0.2217753
2025-03-25 19:00:00,0.2249523
2025-03-25 20:00:00,0.10676432
2025-03-25 21:00:00,-0.044606067
2025-03-25 22:00:00,-0.16830276
2025-03-25 23:00:00,-0.26937196
2025-03-26 00:00:00,-0.3600226
2025-03-26 01:00:00,-0.44150287
2025-03-26 02:00:00,-0.49966323
2025-03-26 03:00:00,-0.4286605
2025-03-26 04:00:00,-0.21647686
2025-03-26 05:00:00,-0.041872323
2025-03-26 06:00:00,0.08723684
2025-03-26 07:00:00,0.13841477
2025-03-26 08:00:00,0.083877906
2025-03-26 09:00:00,-0.053904712
2025-03-26 10:00:00,-0.17706032
2025-03-26 11:00:00,-0.27400076
2025-03-26 12:00:00,-0.35212466
2025-03-26 13:00:00,-0.42221472
2025-03-26 14:00:00,-0.4652119
2025-03-26 15:00:00,-0.32786718
2025-03-26 16:00:00,-0.09498632
2025-03-26 17:00:00,0.13387612
2025-03-26 18:00:00,0.31777632
2025-03-26 19:00:00,0.42157304
2025-03-26 20:00:00,0.39935437
2025-03-26 21:00:00,0.2329058
2025-03-26 22:00:00,0.061653674
2025-03-26 23:00:00,-0.07264557
2025-03-27 00:00:00,-0.17746118
2025-03-27 01:00:00,-0.2733478
2025-03-27 02:00:00,-0.3628295
2025-03-27 03:00:00,-0.41999725
2025-03-27 04:00:00,-0.25921384
2025-03-27 05:00:00,-0.005316008
2025-03-27 06:00:00,0.20987049
2025-03-27 07:00:00,0.35815033
2025-03-27 08:00:00,0.39961645
2025-03-27 09:00:00,0.29141182
2025-03-27 10:00:00,0.11965839
2025-03-27 11:00:00,-0.015979722
2025-03-27 12:00:00,-0.12110267
2025-03-27 13:00:00,-0.22258462
2025-03-27 14:00:00,-0.31807598
2025-03-27 15:00:00,-0.37868956
2025-03-27 16:00:00,-0.19976307
2025-03-27 17:00:00,0.08981575
2025-03-27 18:00:00,0.34998775
2025-03-27 19:00:00,0.54644066
2025-03-27 20:00:00,0.62254155
2025-03-27 21:00:00,0.51338357
2025-03-27 22:00:00,0.30053335
2025-03-27 23:00:00,0.13603815
2025-03-28 00:00:00,0.011212331
2025-03-28 01:00:00,-0.09512844
2025-03-28 02:00:00,-0.19815166
2025-03-28 03:00:00,-0.29018873
2025-03-28 04:00:00,-0.32115707
2025-03-28 05:00:00,-0.04569782
2025-03-28 06:00:00,0.24065502
2025-03-28 07:00:00,0.46528202
2025-03-28 08:00:00,0.5967685
2025-03-28 09:00:00,0.5654209
2025-03-28 10:00:00,0.36685064
2025-03-28 11:00:00,0.189902
2025-03-28 12:00:00,0.07194149
2025-03-28 13:00:00,-0.039928228
2025-03-28 14:00:00,-0.14772505
2025-03-28 15:00:00,-0.2452712
2025-03-28 16:00:00,-0.29287365
2025-03-28 17:00:00,-0.035447393
2025-03-28 18:00:00,0.27645525
2025-03-28 19:00:00,0.540015
2025-03-28 20:00:00,0.70518947
2025-03-28 21:00:00,0.69460356
2025-03-28 22:00:00,0.48979455
2025-03-28 23:00:00,0.28368357
2025-03-29 00:00:00,0.14311324
